data_id,dataset,processing,ct_key,n_cts,cells_per_ct_seed,cells_per_ct,bootstrap_seed,permutation
0,liver_four,lognorm,cell_type,None,0,None,None,../MA/benchmarking/data/test_data/permut_data/liver_four_permut.csv:permutation_0
1,liver_four,lognorm,cell_type,None,0,None,None,../MA/benchmarking/data/test_data/permut_data/liver_four_permut.csv:permutation_1
2,liver_four,lognorm,cell_type,None,0,None,None,../MA/benchmarking/data/test_data/permut_data/liver_four_permut.csv:permutation_2
3,liver_four,lognorm,cell_type,None,0,None,None,../MA/benchmarking/data/test_data/permut_data/liver_four_permut.csv:permutation_3
4,liver_four,lognorm,cell_type,None,0,None,None,../MA/benchmarking/data/test_data/permut_data/liver_four_permut.csv:permutation_4
5,liver_four,lognorm,cell_type,None,0,None,None,../MA/benchmarking/data/test_data/permut_data/liver_four_permut.csv:permutation_5
6,liver_four,lognorm,cell_type,None,0,None,None,../MA/benchmarking/data/test_data/permut_data/liver_four_permut.csv:permutation_6
7,liver_four,lognorm,cell_type,None,0,None,None,../MA/benchmarking/data/test_data/permut_data/liver_four_permut.csv:permutation_7
8,liver_four,lognorm,cell_type,None,0,None,None,../MA/benchmarking/data/test_data/permut_data/liver_four_permut.csv:permutation_8
9,liver_four,lognorm,cell_type,None,0,None,None,../MA/benchmarking/data/test_data/permut_data/liver_four_permut.csv:permutation_9
10,liver_four,lognorm,cell_type,None,0,None,None,../MA/benchmarking/data/test_data/permut_data/liver_four_permut.csv:permutation_10
11,liver_four,lognorm,cell_type,None,0,None,None,../MA/benchmarking/data/test_data/permut_data/liver_four_permut.csv:permutation_11
12,liver_four,lognorm,cell_type,None,0,None,None,../MA/benchmarking/data/test_data/permut_data/liver_four_permut.csv:permutation_12
13,liver_four,lognorm,cell_type,None,0,None,None,../MA/benchmarking/data/test_data/permut_data/liver_four_permut.csv:permutation_13
14,liver_four,lognorm,cell_type,None,0,None,None,../MA/benchmarking/data/test_data/permut_data/liver_four_permut.csv:permutation_14
15,liver_four,lognorm,cell_type,None,0,None,None,None
16,liver_four,lognorm,cell_type,None,0,None,None,../MA/benchmarking/data/test_data/permut_data/liver_four_permut_one.csv:permutation_0
17,liver_four,lognorm,cell_type,None,0,None,None,../MA/benchmarking/data/test_data/permut_data/liver_four_permut_one.csv:permutation_1
18,liver_four,lognorm,cell_type,None,0,None,None,../MA/benchmarking/data/test_data/permut_data/liver_four_permut_one.csv:permutation_2
19,liver_four,lognorm,cell_type,None,0,None,None,../MA/benchmarking/data/test_data/permut_data/liver_four_permut_one.csv:permutation_3
20,bone_marrow,lognorm,cell_type,None,0,None,None,../MA/benchmarking/data/test_data/permut_data/bone_marrow_permut.csv:permutation_0
21,bone_marrow,lognorm,cell_type,None,0,None,None,../MA/benchmarking/data/test_data/permut_data/bone_marrow_permut.csv:permutation_1
22,bone_marrow,lognorm,cell_type,None,0,None,None,../MA/benchmarking/data/test_data/permut_data/bone_marrow_permut.csv:permutation_2
23,bone_marrow,lognorm,cell_type,None,0,None,None,../MA/benchmarking/data/test_data/permut_data/bone_marrow_permut.csv:permutation_3
24,bone_marrow,lognorm,cell_type,None,0,None,None,../MA/benchmarking/data/test_data/permut_data/bone_marrow_permut.csv:permutation_4
25,bone_marrow,lognorm,cell_type,None,0,None,None,../MA/benchmarking/data/test_data/permut_data/bone_marrow_permut.csv:permutation_5
26,bone_marrow,lognorm,cell_type,None,0,None,None,../MA/benchmarking/data/test_data/permut_data/bone_marrow_permut.csv:permutation_6
27,bone_marrow,lognorm,cell_type,None,0,None,None,../MA/benchmarking/data/test_data/permut_data/bone_marrow_permut.csv:permutation_7
28,bone_marrow,lognorm,cell_type,None,0,None,None,../MA/benchmarking/data/test_data/permut_data/bone_marrow_permut.csv:permutation_8
29,bone_marrow,lognorm,cell_type,None,0,None,None,../MA/benchmarking/data/test_data/permut_data/bone_marrow_permut.csv:permutation_9
30,bone_marrow,lognorm,cell_type,None,0,None,None,../MA/benchmarking/data/test_data/permut_data/bone_marrow_permut.csv:permutation_10
31,bone_marrow,lognorm,cell_type,None,0,None,None,../MA/benchmarking/data/test_data/permut_data/bone_marrow_permut.csv:permutation_11
32,bone_marrow,lognorm,cell_type,None,0,None,None,../MA/benchmarking/data/test_data/permut_data/bone_marrow_permut.csv:permutation_12
33,bone_marrow,lognorm,cell_type,None,0,None,None,../MA/benchmarking/data/test_data/permut_data/bone_marrow_permut.csv:permutation_13
34,bone_marrow,lognorm,cell_type,None,0,None,None,../MA/benchmarking/data/test_data/permut_data/bone_marrow_permut.csv:permutation_14
35,bone_marrow,lognorm,cell_type,None,0,None,None,../MA/benchmarking/data/test_data/permut_data/bone_marrow_permut.csv:permutation_15
36,bone_marrow,lognorm,cell_type,None,0,None,None,../MA/benchmarking/data/test_data/permut_data/bone_marrow_permut.csv:permutation_16
37,bone_marrow,lognorm,cell_type,None,0,None,None,../MA/benchmarking/data/test_data/permut_data/bone_marrow_permut.csv:permutation_17
38,bone_marrow,lognorm,cell_type,None,0,None,None,../MA/benchmarking/data/test_data/permut_data/bone_marrow_permut.csv:permutation_18
39,bone_marrow,lognorm,cell_type,None,0,None,None,../MA/benchmarking/data/test_data/permut_data/bone_marrow_permut.csv:permutation_19
40,bone_marrow,lognorm,cell_type,None,0,None,None,../MA/benchmarking/data/test_data/permut_data/bone_marrow_permut.csv:permutation_20
41,bone_marrow,lognorm,cell_type,None,0,None,None,../MA/benchmarking/data/test_data/permut_data/bone_marrow_permut.csv:permutation_21
42,bone_marrow,lognorm,cell_type,None,0,None,None,../MA/benchmarking/data/test_data/permut_data/bone_marrow_permut.csv:permutation_22
43,bone_marrow,lognorm,cell_type,None,0,None,None,../MA/benchmarking/data/test_data/permut_data/bone_marrow_permut.csv:permutation_23
44,bone_marrow,lognorm,cell_type,None,0,None,None,../MA/benchmarking/data/test_data/permut_data/bone_marrow_permut.csv:permutation_24
45,bone_marrow,lognorm,cell_type,None,0,None,None,../MA/benchmarking/data/test_data/permut_data/bone_marrow_permut.csv:permutation_25
46,bone_marrow,lognorm,cell_type,None,0,None,None,../MA/benchmarking/data/test_data/permut_data/bone_marrow_permut.csv:permutation_26
47,bone_marrow,lognorm,cell_type,None,0,None,None,../MA/benchmarking/data/test_data/permut_data/bone_marrow_permut.csv:permutation_27
48,bone_marrow,lognorm,cell_type,None,0,None,None,../MA/benchmarking/data/test_data/permut_data/bone_marrow_permut.csv:permutation_28
49,bone_marrow,lognorm,cell_type,None,0,None,None,../MA/benchmarking/data/test_data/permut_data/bone_marrow_permut.csv:permutation_29
50,bone_marrow,lognorm,cell_type,None,0,None,None,../MA/benchmarking/data/test_data/permut_data/bone_marrow_permut.csv:permutation_30
51,bone_marrow,lognorm,cell_type,None,0,None,None,../MA/benchmarking/data/test_data/permut_data/bone_marrow_permut.csv:permutation_31
52,bone_marrow,lognorm,cell_type,None,0,None,None,../MA/benchmarking/data/test_data/permut_data/bone_marrow_permut.csv:permutation_32
53,bone_marrow,lognorm,cell_type,None,0,None,None,../MA/benchmarking/data/test_data/permut_data/bone_marrow_permut.csv:permutation_33
54,bone_marrow,lognorm,cell_type,None,0,None,None,../MA/benchmarking/data/test_data/permut_data/bone_marrow_permut_one.csv:permutation_0
55,bone_marrow,lognorm,cell_type,None,0,None,None,../MA/benchmarking/data/test_data/permut_data/bone_marrow_permut_one.csv:permutation_1
56,bone_marrow,lognorm,cell_type,None,0,None,None,../MA/benchmarking/data/test_data/permut_data/bone_marrow_permut_one.csv:permutation_2
57,bone_marrow,lognorm,cell_type,None,0,None,None,../MA/benchmarking/data/test_data/permut_data/bone_marrow_permut_one.csv:permutation_3
58,bone_marrow,lognorm,cell_type,None,0,None,None,../MA/benchmarking/data/test_data/permut_data/bone_marrow_permut_one.csv:permutation_4
59,bone_marrow,lognorm,cell_type,None,0,None,None,../MA/benchmarking/data/test_data/permut_data/bone_marrow_permut_one.csv:permutation_5
60,bone_marrow,lognorm,cell_type,None,0,None,None,None
61,HLCA,lognorm,cell_type,None,0,None,None,../MA/benchmarking/data/test_data/permut_data/HLCA_permut.csv:permutation_0
62,HLCA,lognorm,cell_type,None,0,None,None,../MA/benchmarking/data/test_data/permut_data/HLCA_permut.csv:permutation_1
63,HLCA,lognorm,cell_type,None,0,None,None,../MA/benchmarking/data/test_data/permut_data/HLCA_permut.csv:permutation_2
64,HLCA,lognorm,cell_type,None,0,None,None,../MA/benchmarking/data/test_data/permut_data/HLCA_permut.csv:permutation_3
65,HLCA,lognorm,cell_type,None,0,None,None,../MA/benchmarking/data/test_data/permut_data/HLCA_permut.csv:permutation_4
66,HLCA,lognorm,cell_type,None,0,None,None,../MA/benchmarking/data/test_data/permut_data/HLCA_permut.csv:permutation_5
67,HLCA,lognorm,cell_type,None,0,None,None,../MA/benchmarking/data/test_data/permut_data/HLCA_permut.csv:permutation_6
68,HLCA,lognorm,cell_type,None,0,None,None,../MA/benchmarking/data/test_data/permut_data/HLCA_permut.csv:permutation_7
69,HLCA,lognorm,cell_type,None,0,None,None,../MA/benchmarking/data/test_data/permut_data/HLCA_permut.csv:permutation_8
70,HLCA,lognorm,cell_type,None,0,None,None,../MA/benchmarking/data/test_data/permut_data/HLCA_permut.csv:permutation_9
71,HLCA,lognorm,cell_type,None,0,None,None,../MA/benchmarking/data/test_data/permut_data/HLCA_permut.csv:permutation_10
72,HLCA,lognorm,cell_type,None,0,None,None,../MA/benchmarking/data/test_data/permut_data/HLCA_permut.csv:permutation_11
73,HLCA,lognorm,cell_type,None,0,None,None,../MA/benchmarking/data/test_data/permut_data/HLCA_permut.csv:permutation_12
74,HLCA,lognorm,cell_type,None,0,None,None,../MA/benchmarking/data/test_data/permut_data/HLCA_permut.csv:permutation_13
75,HLCA,lognorm,cell_type,None,0,None,None,../MA/benchmarking/data/test_data/permut_data/HLCA_permut.csv:permutation_14
76,HLCA,lognorm,cell_type,None,0,None,None,../MA/benchmarking/data/test_data/permut_data/HLCA_permut.csv:permutation_15
77,HLCA,lognorm,cell_type,None,0,None,None,../MA/benchmarking/data/test_data/permut_data/HLCA_permut.csv:permutation_16
78,HLCA,lognorm,cell_type,None,0,None,None,../MA/benchmarking/data/test_data/permut_data/HLCA_permut.csv:permutation_17
79,HLCA,lognorm,cell_type,None,0,None,None,../MA/benchmarking/data/test_data/permut_data/HLCA_permut.csv:permutation_18
80,HLCA,lognorm,cell_type,None,0,None,None,../MA/benchmarking/data/test_data/permut_data/HLCA_permut.csv:permutation_19
81,HLCA,lognorm,cell_type,None,0,None,None,../MA/benchmarking/data/test_data/permut_data/HLCA_permut.csv:permutation_20
82,HLCA,lognorm,cell_type,None,0,None,None,../MA/benchmarking/data/test_data/permut_data/HLCA_permut.csv:permutation_21
83,HLCA,lognorm,cell_type,None,0,None,None,../MA/benchmarking/data/test_data/permut_data/HLCA_permut.csv:permutation_22
84,HLCA,lognorm,cell_type,None,0,None,None,../MA/benchmarking/data/test_data/permut_data/HLCA_permut.csv:permutation_23
85,HLCA,lognorm,cell_type,None,0,None,None,../MA/benchmarking/data/test_data/permut_data/HLCA_permut.csv:permutation_24
86,HLCA,lognorm,cell_type,None,0,None,None,../MA/benchmarking/data/test_data/permut_data/HLCA_permut.csv:permutation_25
87,HLCA,lognorm,cell_type,None,0,None,None,../MA/benchmarking/data/test_data/permut_data/HLCA_permut.csv:permutation_26
88,HLCA,lognorm,cell_type,None,0,None,None,../MA/benchmarking/data/test_data/permut_data/HLCA_permut.csv:permutation_27
89,HLCA,lognorm,cell_type,None,0,None,None,../MA/benchmarking/data/test_data/permut_data/HLCA_permut.csv:permutation_28
90,HLCA,lognorm,cell_type,None,0,None,None,../MA/benchmarking/data/test_data/permut_data/HLCA_permut.csv:permutation_29
91,HLCA,lognorm,cell_type,None,0,None,None,../MA/benchmarking/data/test_data/permut_data/HLCA_permut.csv:permutation_30
92,HLCA,lognorm,cell_type,None,0,None,None,../MA/benchmarking/data/test_data/permut_data/HLCA_permut.csv:permutation_31
93,HLCA,lognorm,cell_type,None,0,None,None,../MA/benchmarking/data/test_data/permut_data/HLCA_permut.csv:permutation_32
94,HLCA,lognorm,cell_type,None,0,None,None,../MA/benchmarking/data/test_data/permut_data/HLCA_permut.csv:permutation_33
95,HLCA,lognorm,cell_type,None,0,None,None,../MA/benchmarking/data/test_data/permut_data/HLCA_permut.csv:permutation_34
96,HLCA,lognorm,cell_type,None,0,None,None,../MA/benchmarking/data/test_data/permut_data/HLCA_permut.csv:permutation_35
97,HLCA,lognorm,cell_type,None,0,None,None,../MA/benchmarking/data/test_data/permut_data/HLCA_permut.csv:permutation_36
98,HLCA,lognorm,cell_type,None,0,None,None,../MA/benchmarking/data/test_data/permut_data/HLCA_permut.csv:permutation_37
99,HLCA,lognorm,cell_type,None,0,None,None,../MA/benchmarking/data/test_data/permut_data/HLCA_permut.csv:permutation_38
100,HLCA,lognorm,cell_type,None,0,None,None,../MA/benchmarking/data/test_data/permut_data/HLCA_permut.csv:permutation_39
101,HLCA,lognorm,cell_type,None,0,None,None,../MA/benchmarking/data/test_data/permut_data/HLCA_permut.csv:permutation_40
102,HLCA,lognorm,cell_type,None,0,None,None,../MA/benchmarking/data/test_data/permut_data/HLCA_permut.csv:permutation_41
103,HLCA,lognorm,cell_type,None,0,None,None,../MA/benchmarking/data/test_data/permut_data/HLCA_permut.csv:permutation_42
104,HLCA,lognorm,cell_type,None,0,None,None,../MA/benchmarking/data/test_data/permut_data/HLCA_permut.csv:permutation_43
105,HLCA,lognorm,cell_type,None,0,None,None,../MA/benchmarking/data/test_data/permut_data/HLCA_permut.csv:permutation_44
106,HLCA,lognorm,cell_type,None,0,None,None,../MA/benchmarking/data/test_data/permut_data/HLCA_permut.csv:permutation_45
107,HLCA,lognorm,cell_type,None,0,None,None,../MA/benchmarking/data/test_data/permut_data/HLCA_permut.csv:permutation_46
108,HLCA,lognorm,cell_type,None,0,None,None,../MA/benchmarking/data/test_data/permut_data/HLCA_permut.csv:permutation_47
109,HLCA,lognorm,cell_type,None,0,None,None,../MA/benchmarking/data/test_data/permut_data/HLCA_permut.csv:permutation_48
110,HLCA,lognorm,cell_type,None,0,None,None,../MA/benchmarking/data/test_data/permut_data/HLCA_permut.csv:permutation_49
111,HLCA,lognorm,cell_type,None,0,None,None,../MA/benchmarking/data/test_data/permut_data/HLCA_permut.csv:permutation_50
112,HLCA,lognorm,cell_type,None,0,None,None,../MA/benchmarking/data/test_data/permut_data/HLCA_permut.csv:permutation_51
113,HLCA,lognorm,cell_type,None,0,None,None,../MA/benchmarking/data/test_data/permut_data/HLCA_permut.csv:permutation_52
114,HLCA,lognorm,cell_type,None,0,None,None,../MA/benchmarking/data/test_data/permut_data/HLCA_permut.csv:permutation_53
115,HLCA,lognorm,cell_type,None,0,None,None,../MA/benchmarking/data/test_data/permut_data/HLCA_permut.csv:permutation_54
116,HLCA,lognorm,cell_type,None,0,None,None,../MA/benchmarking/data/test_data/permut_data/HLCA_permut.csv:permutation_55
117,HLCA,lognorm,cell_type,None,0,None,None,../MA/benchmarking/data/test_data/permut_data/HLCA_permut.csv:permutation_56
118,HLCA,lognorm,cell_type,None,0,None,None,../MA/benchmarking/data/test_data/permut_data/HLCA_permut.csv:permutation_57
119,HLCA,lognorm,cell_type,None,0,None,None,../MA/benchmarking/data/test_data/permut_data/HLCA_permut.csv:permutation_58
120,HLCA,lognorm,cell_type,None,0,None,None,../MA/benchmarking/data/test_data/permut_data/HLCA_permut.csv:permutation_59
121,HLCA,lognorm,cell_type,None,0,None,None,../MA/benchmarking/data/test_data/permut_data/HLCA_permut.csv:permutation_60
122,HLCA,lognorm,cell_type,None,0,None,None,../MA/benchmarking/data/test_data/permut_data/HLCA_permut.csv:permutation_61
123,HLCA,lognorm,cell_type,None,0,None,None,../MA/benchmarking/data/test_data/permut_data/HLCA_permut.csv:permutation_62
124,HLCA,lognorm,cell_type,None,0,None,None,../MA/benchmarking/data/test_data/permut_data/HLCA_permut.csv:permutation_63
125,HLCA,lognorm,cell_type,None,0,None,None,../MA/benchmarking/data/test_data/permut_data/HLCA_permut.csv:permutation_64
126,HLCA,lognorm,cell_type,None,0,None,None,../MA/benchmarking/data/test_data/permut_data/HLCA_permut.csv:permutation_65
127,HLCA,lognorm,cell_type,None,0,None,None,../MA/benchmarking/data/test_data/permut_data/HLCA_permut.csv:permutation_66
128,HLCA,lognorm,cell_type,None,0,None,None,../MA/benchmarking/data/test_data/permut_data/HLCA_permut.csv:permutation_67
129,HLCA,lognorm,cell_type,None,0,None,None,../MA/benchmarking/data/test_data/permut_data/HLCA_permut.csv:permutation_68
130,HLCA,lognorm,cell_type,None,0,None,None,../MA/benchmarking/data/test_data/permut_data/HLCA_permut.csv:permutation_69
131,HLCA,lognorm,cell_type,None,0,None,None,../MA/benchmarking/data/test_data/permut_data/HLCA_permut.csv:permutation_70
132,HLCA,lognorm,cell_type,None,0,None,None,../MA/benchmarking/data/test_data/permut_data/HLCA_permut_one.csv:permutation_0
133,HLCA,lognorm,cell_type,None,0,None,None,../MA/benchmarking/data/test_data/permut_data/HLCA_permut_one.csv:permutation_1
134,HLCA,lognorm,cell_type,None,0,None,None,../MA/benchmarking/data/test_data/permut_data/HLCA_permut_one.csv:permutation_2
135,HLCA,lognorm,cell_type,None,0,None,None,../MA/benchmarking/data/test_data/permut_data/HLCA_permut_one.csv:permutation_3
136,HLCA,lognorm,cell_type,None,0,None,None,../MA/benchmarking/data/test_data/permut_data/HLCA_permut_one.csv:permutation_4
137,HLCA,lognorm,cell_type,None,0,None,None,../MA/benchmarking/data/test_data/permut_data/HLCA_permut_one.csv:permutation_5
138,HLCA,lognorm,cell_type,None,0,None,None,../MA/benchmarking/data/test_data/permut_data/HLCA_permut_one.csv:permutation_6
139,HLCA,lognorm,cell_type,None,0,None,None,../MA/benchmarking/data/test_data/permut_data/HLCA_permut_one.csv:permutation_7
140,HLCA,lognorm,cell_type,None,0,None,None,../MA/benchmarking/data/test_data/permut_data/HLCA_permut_one.csv:permutation_8
141,HLCA,lognorm,cell_type,None,0,None,None,../MA/benchmarking/data/test_data/permut_data/HLCA_permut_one.csv:permutation_9
142,HLCA,lognorm,cell_type,None,0,None,None,../MA/benchmarking/data/test_data/permut_data/HLCA_permut_one.csv:permutation_10
143,HCLA,lognorm,cell_type,None,0,None,None,../MA/benchmarking/data/test_data/permut_data/HLCA_permut_one.csv:permutation_0
144,HCLA,lognorm,cell_type,None,0,None,None,../MA/benchmarking/data/test_data/permut_data/HLCA_permut_one.csv:permutation_1
145,HCLA,lognorm,cell_type,None,0,None,None,../MA/benchmarking/data/test_data/permut_data/HLCA_permut_one.csv:permutation_2
146,HCLA,lognorm,cell_type,None,0,None,None,../MA/benchmarking/data/test_data/permut_data/HLCA_permut_one.csv:permutation_3
147,HCLA,lognorm,cell_type,None,0,None,None,../MA/benchmarking/data/test_data/permut_data/HLCA_permut_one.csv:permutation_4
148,HCLA,lognorm,cell_type,None,0,None,None,../MA/benchmarking/data/test_data/permut_data/HLCA_permut_one.csv:permutation_5
149,HCLA,lognorm,cell_type,None,0,None,None,../MA/benchmarking/data/test_data/permut_data/HLCA_permut_one.csv:permutation_6
150,HCLA,lognorm,cell_type,None,0,None,None,../MA/benchmarking/data/test_data/permut_data/HLCA_permut_one.csv:permutation_7
151,HCLA,lognorm,cell_type,None,0,None,None,../MA/benchmarking/data/test_data/permut_data/HLCA_permut_one.csv:permutation_8
152,HCLA,lognorm,cell_type,None,0,None,None,../MA/benchmarking/data/test_data/permut_data/HLCA_permut_one.csv:permutation_9
153,HCLA,lognorm,cell_type,None,0,None,None,../MA/benchmarking/data/test_data/permut_data/HLCA_permut_one.csv:permutation_10
154,HLCA,lognorm,cell_type,None,0,None,None,None
155,HLCA,lognorm,cell_type,None,0,None,None,../MA/benchmarking/data/test_data/permut_data_run_3/HLCA_permut.csv:permutation_0
156,HLCA,lognorm,cell_type,None,0,None,None,../MA/benchmarking/data/test_data/permut_data_run_3/HLCA_permut.csv:permutation_1
157,HLCA,lognorm,cell_type,None,0,None,None,../MA/benchmarking/data/test_data/permut_data_run_3/HLCA_permut.csv:permutation_2
158,HLCA,lognorm,cell_type,None,0,None,None,../MA/benchmarking/data/test_data/permut_data_run_3/HLCA_permut.csv:permutation_3
159,HLCA,lognorm,cell_type,None,0,None,None,../MA/benchmarking/data/test_data/permut_data_run_3/HLCA_permut.csv:permutation_4
160,HLCA,lognorm,cell_type,None,0,None,None,../MA/benchmarking/data/test_data/permut_data_run_3/HLCA_permut.csv:permutation_5
161,HLCA,lognorm,cell_type,None,0,None,None,../MA/benchmarking/data/test_data/permut_data_run_3/HLCA_permut.csv:permutation_6
162,HLCA,lognorm,cell_type,None,0,None,None,../MA/benchmarking/data/test_data/permut_data_run_3/HLCA_permut.csv:permutation_7
163,HLCA,lognorm,cell_type,None,0,None,None,../MA/benchmarking/data/test_data/permut_data_run_3/HLCA_permut.csv:permutation_8
164,HLCA,lognorm,cell_type,None,0,None,None,../MA/benchmarking/data/test_data/permut_data_run_3/HLCA_permut.csv:permutation_9
165,HLCA,lognorm,cell_type,None,0,None,None,../MA/benchmarking/data/test_data/permut_data_run_3/HLCA_permut.csv:permutation_10
166,HLCA,lognorm,cell_type,None,0,None,None,../MA/benchmarking/data/test_data/permut_data_run_3/HLCA_permut.csv:permutation_11
167,HLCA,lognorm,cell_type,None,0,None,None,../MA/benchmarking/data/test_data/permut_data_run_3/HLCA_permut.csv:permutation_12
168,HLCA,lognorm,cell_type,None,0,None,None,../MA/benchmarking/data/test_data/permut_data_run_3/HLCA_permut.csv:permutation_13
169,HLCA,lognorm,cell_type,None,0,None,None,../MA/benchmarking/data/test_data/permut_data_run_3/HLCA_permut.csv:permutation_14
170,HLCA,lognorm,cell_type,None,0,None,None,../MA/benchmarking/data/test_data/permut_data_run_3/HLCA_permut.csv:permutation_15
171,HLCA,lognorm,cell_type,None,0,None,None,../MA/benchmarking/data/test_data/permut_data_run_3/HLCA_permut.csv:permutation_16
172,HLCA,lognorm,cell_type,None,0,None,None,../MA/benchmarking/data/test_data/permut_data_run_3/HLCA_permut.csv:permutation_17
173,HLCA,lognorm,cell_type,None,0,None,None,../MA/benchmarking/data/test_data/permut_data_run_3/HLCA_permut.csv:permutation_18
174,HLCA,lognorm,cell_type,None,0,None,None,../MA/benchmarking/data/test_data/permut_data_run_3/HLCA_permut.csv:permutation_19
175,HLCA,lognorm,cell_type,None,0,None,None,../MA/benchmarking/data/test_data/permut_data_run_3/HLCA_permut.csv:permutation_20
176,HLCA,lognorm,cell_type,None,0,None,None,../MA/benchmarking/data/test_data/permut_data_run_3/HLCA_permut.csv:permutation_21
177,HLCA,lognorm,cell_type,None,0,None,None,../MA/benchmarking/data/test_data/permut_data_run_3/HLCA_permut.csv:permutation_22
178,HLCA,lognorm,cell_type,None,0,None,None,../MA/benchmarking/data/test_data/permut_data_run_3/HLCA_permut.csv:permutation_23
179,HLCA,lognorm,cell_type,None,0,None,None,../MA/benchmarking/data/test_data/permut_data_run_3/HLCA_permut.csv:permutation_24
180,HLCA,lognorm,cell_type,None,0,None,None,../MA/benchmarking/data/test_data/permut_data_run_3/HLCA_permut.csv:permutation_25
181,HLCA,lognorm,cell_type,None,0,None,None,../MA/benchmarking/data/test_data/permut_data_run_3/HLCA_permut.csv:permutation_26
182,HLCA,lognorm,cell_type,None,0,None,None,../MA/benchmarking/data/test_data/permut_data_run_3/HLCA_permut.csv:permutation_27
183,HLCA,lognorm,cell_type,None,0,None,None,../MA/benchmarking/data/test_data/permut_data_run_3/HLCA_permut.csv:permutation_28
184,HLCA,lognorm,cell_type,None,0,None,None,../MA/benchmarking/data/test_data/permut_data_run_3/HLCA_permut.csv:permutation_29
185,HLCA,lognorm,cell_type,None,0,None,None,../MA/benchmarking/data/test_data/permut_data_run_3/HLCA_permut.csv:permutation_30
186,HLCA,lognorm,cell_type,None,0,None,None,../MA/benchmarking/data/test_data/permut_data_run_3/HLCA_permut.csv:permutation_31
187,HLCA,lognorm,cell_type,None,0,None,None,../MA/benchmarking/data/test_data/permut_data_run_3/HLCA_permut.csv:permutation_32
188,HLCA,lognorm,cell_type,None,0,None,None,../MA/benchmarking/data/test_data/permut_data_run_3/HLCA_permut.csv:permutation_33
189,HLCA,lognorm,cell_type,None,0,None,None,../MA/benchmarking/data/test_data/permut_data_run_3/HLCA_permut.csv:permutation_34
190,HLCA,lognorm,cell_type,None,0,None,None,../MA/benchmarking/data/test_data/permut_data_run_3/HLCA_permut.csv:permutation_35
191,HLCA,lognorm,cell_type,None,0,None,None,../MA/benchmarking/data/test_data/permut_data_run_3/HLCA_permut.csv:permutation_36
192,HLCA,lognorm,cell_type,None,0,None,None,../MA/benchmarking/data/test_data/permut_data_run_3/HLCA_permut.csv:permutation_37
193,HLCA,lognorm,cell_type,None,0,None,None,../MA/benchmarking/data/test_data/permut_data_run_3/HLCA_permut.csv:permutation_38
194,HLCA,lognorm,cell_type,None,0,None,None,../MA/benchmarking/data/test_data/permut_data_run_3/HLCA_permut.csv:permutation_39
195,HLCA,lognorm,cell_type,None,0,None,None,../MA/benchmarking/data/test_data/permut_data_run_3/HLCA_permut.csv:permutation_40
196,HLCA,lognorm,cell_type,None,0,None,None,../MA/benchmarking/data/test_data/permut_data_run_3/HLCA_permut.csv:permutation_41
197,HLCA,lognorm,cell_type,None,0,None,None,../MA/benchmarking/data/test_data/permut_data_run_3/HLCA_permut.csv:permutation_42
198,HLCA,lognorm,cell_type,None,0,None,None,../MA/benchmarking/data/test_data/permut_data_run_3/HLCA_permut.csv:permutation_43
199,HLCA,lognorm,cell_type,None,0,None,None,../MA/benchmarking/data/test_data/permut_data_run_3/HLCA_permut.csv:permutation_44
200,HLCA,lognorm,cell_type,None,0,None,None,../MA/benchmarking/data/test_data/permut_data_run_3/HLCA_permut.csv:permutation_45
201,HLCA,lognorm,cell_type,None,0,None,None,../MA/benchmarking/data/test_data/permut_data_run_3/HLCA_permut.csv:permutation_46
202,HLCA,lognorm,cell_type,None,0,None,None,../MA/benchmarking/data/test_data/permut_data_run_3/HLCA_permut.csv:permutation_47
203,HLCA,lognorm,cell_type,None,0,None,None,../MA/benchmarking/data/test_data/permut_data_run_3/HLCA_permut.csv:permutation_48
204,HLCA,lognorm,cell_type,None,0,None,None,../MA/benchmarking/data/test_data/permut_data_run_3/HLCA_permut.csv:permutation_49
205,HLCA,lognorm,cell_type,None,0,None,None,../MA/benchmarking/data/test_data/permut_data_run_3/HLCA_permut.csv:permutation_50
206,HLCA,lognorm,cell_type,None,0,None,None,../MA/benchmarking/data/test_data/permut_data_run_3/HLCA_permut.csv:permutation_51
207,HLCA,lognorm,cell_type,None,0,None,None,../MA/benchmarking/data/test_data/permut_data_run_3/HLCA_permut.csv:permutation_52
208,HLCA,lognorm,cell_type,None,0,None,None,../MA/benchmarking/data/test_data/permut_data_run_3/HLCA_permut.csv:permutation_53
209,HLCA,lognorm,cell_type,None,0,None,None,../MA/benchmarking/data/test_data/permut_data_run_3/HLCA_permut.csv:permutation_54
210,HLCA,lognorm,cell_type,None,0,None,None,../MA/benchmarking/data/test_data/permut_data_run_3/HLCA_permut.csv:permutation_55
211,HLCA,lognorm,cell_type,None,0,None,None,../MA/benchmarking/data/test_data/permut_data_run_3/HLCA_permut.csv:permutation_56
212,HLCA,lognorm,cell_type,None,0,None,None,../MA/benchmarking/data/test_data/permut_data_run_3/HLCA_permut.csv:permutation_57
213,HLCA,lognorm,cell_type,None,0,None,None,../MA/benchmarking/data/test_data/permut_data_run_3/HLCA_permut.csv:permutation_58
214,HLCA,lognorm,cell_type,None,0,None,None,../MA/benchmarking/data/test_data/permut_data_run_3/HLCA_permut.csv:permutation_59
215,HLCA,lognorm,cell_type,None,0,None,None,../MA/benchmarking/data/test_data/permut_data_run_3/HLCA_permut.csv:permutation_60
216,HLCA,lognorm,cell_type,None,0,None,None,../MA/benchmarking/data/test_data/permut_data_run_3/HLCA_permut.csv:permutation_61
217,HLCA,lognorm,cell_type,None,0,None,None,../MA/benchmarking/data/test_data/permut_data_run_3/HLCA_permut.csv:permutation_62
218,HLCA,lognorm,cell_type,None,0,None,None,../MA/benchmarking/data/test_data/permut_data_run_3/HLCA_permut.csv:permutation_63
219,HLCA,lognorm,cell_type,None,0,None,None,../MA/benchmarking/data/test_data/permut_data_run_3/HLCA_permut.csv:permutation_64
220,HLCA,lognorm,cell_type,None,0,None,None,../MA/benchmarking/data/test_data/permut_data_run_3/HLCA_permut.csv:permutation_65
221,HLCA,lognorm,cell_type,None,0,None,None,../MA/benchmarking/data/test_data/permut_data_run_3/HLCA_permut.csv:permutation_66
222,HLCA,lognorm,cell_type,None,0,None,None,../MA/benchmarking/data/test_data/permut_data_run_3/HLCA_permut.csv:permutation_67
223,HLCA,lognorm,cell_type,None,0,None,None,../MA/benchmarking/data/test_data/permut_data_run_3/HLCA_permut.csv:permutation_68
224,HLCA,lognorm,cell_type,None,0,None,None,../MA/benchmarking/data/test_data/permut_data_run_3/HLCA_permut.csv:permutation_69
225,HLCA,lognorm,cell_type,None,0,None,None,../MA/benchmarking/data/test_data/permut_data_run_3/HLCA_permut.csv:permutation_70
226,HLCA,lognorm,cell_type,None,0,None,None,../MA/benchmarking/data/test_data/permut_data_run_3/HLCA_permut_one.csv:permutation_0
227,HLCA,lognorm,cell_type,None,0,None,None,../MA/benchmarking/data/test_data/permut_data_run_3/HLCA_permut_one.csv:permutation_1
228,HLCA,lognorm,cell_type,None,0,None,None,../MA/benchmarking/data/test_data/permut_data_run_3/HLCA_permut_one.csv:permutation_2
229,HLCA,lognorm,cell_type,None,0,None,None,../MA/benchmarking/data/test_data/permut_data_run_3/HLCA_permut_one.csv:permutation_3
230,HLCA,lognorm,cell_type,None,0,None,None,../MA/benchmarking/data/test_data/permut_data_run_3/HLCA_permut_one.csv:permutation_4
231,HLCA,lognorm,cell_type,None,0,None,None,../MA/benchmarking/data/test_data/permut_data_run_3/HLCA_permut_one.csv:permutation_5
232,HLCA,lognorm,cell_type,None,0,None,None,../MA/benchmarking/data/test_data/permut_data_run_3/HLCA_permut_one.csv:permutation_6
233,HLCA,lognorm,cell_type,None,0,None,None,../MA/benchmarking/data/test_data/permut_data_run_3/HLCA_permut_one.csv:permutation_7
234,HLCA,lognorm,cell_type,None,0,None,None,../MA/benchmarking/data/test_data/permut_data_run_3/HLCA_permut_one.csv:permutation_8
235,HLCA,lognorm,cell_type,None,0,None,None,../MA/benchmarking/data/test_data/permut_data_run_3/HLCA_permut_one.csv:permutation_9
236,HLCA,lognorm,cell_type,None,0,None,None,../MA/benchmarking/data/test_data/permut_data_run_3/HLCA_permut_one.csv:permutation_10
